race_id,round,circuit_id,name,race_year
1053,2,21,Emilia Romagna Grand Prix,2021
1052,1,3,Bahrain Grand Prix,2021
1051,21,1,Australian Grand Prix,2021
1054,3,20,TBC,2021
1055,4,4,Spanish Grand Prix,2021
1056,5,6,Monaco Grand Prix,2021
1057,6,73,Azerbaijan Grand Prix,2021
1058,7,7,Canadian Grand Prix,2021
1059,8,34,French Grand Prix,2021
1060,9,70,Austrian Grand Prix,2021
1061,10,9,British Grand Prix,2021
1062,11,11,Hungarian Grand Prix,2021
1063,12,13,Belgian Grand Prix,2021
1064,13,39,Dutch Grand Prix,2021
1065,14,14,Italian Grand Prix,2021
1066,15,71,Russian Grand Prix,2021
1067,16,15,Singapore Grand Prix,2021
1068,17,22,Japanese Grand Prix,2021
1069,18,69,United States Grand Prix,2021
1070,19,32,Mexico City Grand Prix,2021
1071,20,18,Brazilian Grand Prix,2021
1072,22,77,Saudi Arabian Grand Prix,2021
1073,23,24,Abu Dhabi Grand Prix,2021
989,1,1,Australian Grand Prix,2018
990,2,3,Bahrain Grand Prix,2018
991,3,17,Chinese Grand Prix,2018
992,4,73,Azerbaijan Grand Prix,2018
993,5,4,Spanish Grand Prix,2018
994,6,6,Monaco Grand Prix,2018
995,7,7,Canadian Grand Prix,2018
996,8,34,French Grand Prix,2018
997,9,70,Austrian Grand Prix,2018
998,10,9,British Grand Prix,2018
999,11,10,German Grand Prix,2018
1000,12,11,Hungarian Grand Prix,2018
1001,13,13,Belgian Grand Prix,2018
1002,14,14,Italian Grand Prix,2018
1003,15,15,Singapore Grand Prix,2018
1004,16,71,Russian Grand Prix,2018
1005,17,22,Japanese Grand Prix,2018
1006,18,69,United States Grand Prix,2018
1007,19,32,Mexican Grand Prix,2018
1008,20,18,Brazilian Grand Prix,2018
1009,21,24,Abu Dhabi Grand Prix,2018
1010,1,1,Australian Grand Prix,2019
1011,2,3,Bahrain Grand Prix,2019
1012,3,17,Chinese Grand Prix,2019
1013,4,73,Azerbaijan Grand Prix,2019
1014,5,4,Spanish Grand Prix,2019
1015,6,6,Monaco Grand Prix,2019
1016,7,7,Canadian Grand Prix,2019
1017,8,34,French Grand Prix,2019
1018,9,70,Austrian Grand Prix,2019
1019,10,9,British Grand Prix,2019
1020,11,10,German Grand Prix,2019
1021,12,11,Hungarian Grand Prix,2019
1022,13,13,Belgian Grand Prix,2019
1023,14,14,Italian Grand Prix,2019
1024,15,15,Singapore Grand Prix,2019
1025,16,71,Russian Grand Prix,2019
1026,17,22,Japanese Grand Prix,2019
1027,18,32,Mexican Grand Prix,2019
1028,19,69,United States Grand Prix,2019
1029,20,18,Brazilian Grand Prix,2019
1030,21,24,Abu Dhabi Grand Prix,2019
948,1,1,Australian Grand Prix,2016
949,2,3,Bahrain Grand Prix,2016
950,3,17,Chinese Grand Prix,2016
951,4,71,Russian Grand Prix,2016
952,5,4,Spanish Grand Prix,2016
953,6,6,Monaco Grand Prix,2016
954,7,7,Canadian Grand Prix,2016
955,8,73,European Grand Prix,2016
956,9,70,Austrian Grand Prix,2016
957,10,9,British Grand Prix,2016
958,11,11,Hungarian Grand Prix,2016
959,12,10,German Grand Prix,2016
960,13,13,Belgian Grand Prix,2016
961,14,14,Italian Grand Prix,2016
962,15,15,Singapore Grand Prix,2016
963,16,2,Malaysian Grand Prix,2016
964,17,22,Japanese Grand Prix,2016
965,18,69,United States Grand Prix,2016
966,19,32,Mexican Grand Prix,2016
967,20,18,Brazilian Grand Prix,2016
968,21,24,Abu Dhabi Grand Prix,2016
969,1,1,Australian Grand Prix,2017
970,2,17,Chinese Grand Prix,2017
971,3,3,Bahrain Grand Prix,2017
972,4,71,Russian Grand Prix,2017
973,5,4,Spanish Grand Prix,2017
974,6,6,Monaco Grand Prix,2017
975,7,7,Canadian Grand Prix,2017
976,8,73,Azerbaijan Grand Prix,2017
977,9,70,Austrian Grand Prix,2017
978,10,9,British Grand Prix,2017
979,11,11,Hungarian Grand Prix,2017
980,12,13,Belgian Grand Prix,2017
981,13,14,Italian Grand Prix,2017
982,14,15,Singapore Grand Prix,2017
983,15,2,Malaysian Grand Prix,2017
984,16,22,Japanese Grand Prix,2017
985,17,69,United States Grand Prix,2017
986,18,32,Mexican Grand Prix,2017
987,19,18,Brazilian Grand Prix,2017
988,20,24,Abu Dhabi Grand Prix,2017
860,1,1,Australian Grand Prix,2012
861,2,2,Malaysian Grand Prix,2012
862,3,17,Chinese Grand Prix,2012
863,4,3,Bahrain Grand Prix,2012
864,5,4,Spanish Grand Prix,2012
865,6,6,Monaco Grand Prix,2012
866,7,7,Canadian Grand Prix,2012
867,8,12,European Grand Prix,2012
868,9,9,British Grand Prix,2012
869,10,10,German Grand Prix,2012
870,11,11,Hungarian Grand Prix,2012
871,12,13,Belgian Grand Prix,2012
872,13,14,Italian Grand Prix,2012
873,14,15,Singapore Grand Prix,2012
874,15,22,Japanese Grand Prix,2012
875,16,35,Korean Grand Prix,2012
876,17,68,Indian Grand Prix,2012
877,18,24,Abu Dhabi Grand Prix,2012
878,19,69,United States Grand Prix,2012
879,20,18,Brazilian Grand Prix,2012
900,1,1,Australian Grand Prix,2014
901,2,2,Malaysian Grand Prix,2014
902,3,3,Bahrain Grand Prix,2014
903,4,17,Chinese Grand Prix,2014
904,5,4,Spanish Grand Prix,2014
905,6,6,Monaco Grand Prix,2014
906,7,7,Canadian Grand Prix,2014
907,8,70,Austrian Grand Prix,2014
908,9,9,British Grand Prix,2014
909,10,10,German Grand Prix,2014
910,11,11,Hungarian Grand Prix,2014
911,12,13,Belgian Grand Prix,2014
912,13,14,Italian Grand Prix,2014
913,14,15,Singapore Grand Prix,2014
914,15,22,Japanese Grand Prix,2014
915,16,71,Russian Grand Prix,2014
916,17,69,United States Grand Prix,2014
917,18,18,Brazilian Grand Prix,2014
918,19,24,Abu Dhabi Grand Prix,2014
880,1,1,Australian Grand Prix,2013
881,2,2,Malaysian Grand Prix,2013
882,3,17,Chinese Grand Prix,2013
883,4,3,Bahrain Grand Prix,2013
884,5,4,Spanish Grand Prix,2013
885,6,6,Monaco Grand Prix,2013
886,7,7,Canadian Grand Prix,2013
887,8,9,British Grand Prix,2013
888,9,20,German Grand Prix,2013
890,10,11,Hungarian Grand Prix,2013
891,11,13,Belgian Grand Prix,2013
892,12,14,Italian Grand Prix,2013
893,13,15,Singapore Grand Prix,2013
894,14,35,Korean Grand Prix,2013
895,15,22,Japanese Grand Prix,2013
896,16,68,Indian Grand Prix,2013
897,17,24,Abu Dhabi Grand Prix,2013
898,18,69,United States Grand Prix,2013
899,19,18,Brazilian Grand Prix,2013
931,6,6,Monaco Grand Prix,2015
932,7,7,Canadian Grand Prix,2015
929,4,3,Bahrain Grand Prix,2015
930,5,4,Spanish Grand Prix,2015
928,3,17,Chinese Grand Prix,2015
926,1,1,Australian Grand Prix,2015
927,2,2,Malaysian Grand Prix,2015
933,8,70,Austrian Grand Prix,2015
934,9,9,British Grand Prix,2015
936,10,11,Hungarian Grand Prix,2015
937,11,13,Belgian Grand Prix,2015
938,12,14,Italian Grand Prix,2015
939,13,15,Singapore Grand Prix,2015
940,14,22,Japanese Grand Prix,2015
941,15,71,Russian Grand Prix,2015
942,16,69,United States Grand Prix,2015
943,17,32,Mexican Grand Prix,2015
944,18,18,Brazilian Grand Prix,2015
945,19,24,Abu Dhabi Grand Prix,2015
71,1,1,Australian Grand Prix,2005
72,2,2,Malaysian Grand Prix,2005
73,3,3,Bahrain Grand Prix,2005
74,4,21,San Marino Grand Prix,2005
75,5,4,Spanish Grand Prix,2005
76,6,6,Monaco Grand Prix,2005
77,7,20,European Grand Prix,2005
78,8,7,Canadian Grand Prix,2005
79,9,19,United States Grand Prix,2005
80,10,8,French Grand Prix,2005
81,11,9,British Grand Prix,2005
82,12,10,German Grand Prix,2005
83,13,11,Hungarian Grand Prix,2005
84,14,5,Turkish Grand Prix,2005
85,15,14,Italian Grand Prix,2005
86,16,13,Belgian Grand Prix,2005
87,17,18,Brazilian Grand Prix,2005
88,18,22,Japanese Grand Prix,2005
89,19,17,Chinese Grand Prix,2005
337,1,3,Bahrain Grand Prix,2010
338,2,1,Australian Grand Prix,2010
339,3,2,Malaysian Grand Prix,2010
340,4,17,Chinese Grand Prix,2010
341,5,4,Spanish Grand Prix,2010
342,6,6,Monaco Grand Prix,2010
343,7,5,Turkish Grand Prix,2010
344,8,7,Canadian Grand Prix,2010
345,9,12,European Grand Prix,2010
346,10,9,British Grand Prix,2010
347,11,10,German Grand Prix,2010
348,12,11,Hungarian Grand Prix,2010
349,13,13,Belgian Grand Prix,2010
350,14,14,Italian Grand Prix,2010
351,15,15,Singapore Grand Prix,2010
352,16,22,Japanese Grand Prix,2010
353,17,35,Korean Grand Prix,2010
354,18,18,Brazilian Grand Prix,2010
355,19,24,Abu Dhabi Grand Prix,2010
841,1,1,Australian Grand Prix,2011
842,2,2,Malaysian Grand Prix,2011
843,3,17,Chinese Grand Prix,2011
844,4,5,Turkish Grand Prix,2011
845,5,4,Spanish Grand Prix,2011
846,6,6,Monaco Grand Prix,2011
847,7,7,Canadian Grand Prix,2011
848,8,12,European Grand Prix,2011
849,9,9,British Grand Prix,2011
850,10,20,German Grand Prix,2011
851,11,11,Hungarian Grand Prix,2011
852,12,13,Belgian Grand Prix,2011
853,13,14,Italian Grand Prix,2011
854,14,15,Singapore Grand Prix,2011
855,15,22,Japanese Grand Prix,2011
856,16,35,Korean Grand Prix,2011
857,17,68,Indian Grand Prix,2011
858,18,24,Abu Dhabi Grand Prix,2011
859,19,18,Brazilian Grand Prix,2011
53,1,3,Bahrain Grand Prix,2006
54,2,2,Malaysian Grand Prix,2006
55,3,1,Australian Grand Prix,2006
56,4,21,San Marino Grand Prix,2006
57,5,20,European Grand Prix,2006
58,6,4,Spanish Grand Prix,2006
59,7,6,Monaco Grand Prix,2006
60,8,9,British Grand Prix,2006
61,9,7,Canadian Grand Prix,2006
62,10,19,United States Grand Prix,2006
63,11,8,French Grand Prix,2006
64,12,10,German Grand Prix,2006
65,13,11,Hungarian Grand Prix,2006
66,14,5,Turkish Grand Prix,2006
67,15,14,Italian Grand Prix,2006
68,16,17,Chinese Grand Prix,2006
69,17,22,Japanese Grand Prix,2006
70,18,18,Brazilian Grand Prix,2006
36,1,1,Australian Grand Prix,2007
37,2,2,Malaysian Grand Prix,2007
38,3,3,Bahrain Grand Prix,2007
39,4,4,Spanish Grand Prix,2007
40,5,6,Monaco Grand Prix,2007
41,6,7,Canadian Grand Prix,2007
42,7,19,United States Grand Prix,2007
43,8,8,French Grand Prix,2007
44,9,9,British Grand Prix,2007
45,10,20,European Grand Prix,2007
46,11,11,Hungarian Grand Prix,2007
47,12,5,Turkish Grand Prix,2007
48,13,14,Italian Grand Prix,2007
49,14,13,Belgian Grand Prix,2007
50,15,16,Japanese Grand Prix,2007
51,16,17,Chinese Grand Prix,2007
52,17,18,Brazilian Grand Prix,2007
1031,1,70,Austrian Grand Prix,2020
1032,2,70,Styrian Grand Prix,2020
1033,3,11,Hungarian Grand Prix,2020
1034,4,9,British Grand Prix,2020
1035,5,9,70th Anniversary Grand Prix,2020
1036,6,4,Spanish Grand Prix,2020
1037,7,13,Belgian Grand Prix,2020
1038,8,14,Italian Grand Prix,2020
1039,9,76,Tuscan Grand Prix,2020
1040,10,71,Russian Grand Prix,2020
1041,11,20,Eifel Grand Prix,2020
1042,12,75,Portuguese Grand Prix,2020
1043,13,21,Emilia Romagna Grand Prix,2020
1044,14,5,Turkish Grand Prix,2020
1045,15,3,Bahrain Grand Prix,2020
1046,16,3,Sakhir Grand Prix,2020
1047,17,24,Abu Dhabi Grand Prix,2020
18,1,1,Australian Grand Prix,2008
19,2,2,Malaysian Grand Prix,2008
20,3,3,Bahrain Grand Prix,2008
21,4,4,Spanish Grand Prix,2008
22,5,5,Turkish Grand Prix,2008
23,6,6,Monaco Grand Prix,2008
24,7,7,Canadian Grand Prix,2008
25,8,8,French Grand Prix,2008
26,9,9,British Grand Prix,2008
27,10,10,German Grand Prix,2008
28,11,11,Hungarian Grand Prix,2008
29,12,12,European Grand Prix,2008
30,13,13,Belgian Grand Prix,2008
31,14,14,Italian Grand Prix,2008
32,15,15,Singapore Grand Prix,2008
33,16,16,Japanese Grand Prix,2008
34,17,17,Chinese Grand Prix,2008
35,18,18,Brazilian Grand Prix,2008
1,1,1,Australian Grand Prix,2009
2,2,2,Malaysian Grand Prix,2009
3,3,17,Chinese Grand Prix,2009
4,4,3,Bahrain Grand Prix,2009
5,5,4,Spanish Grand Prix,2009
6,6,6,Monaco Grand Prix,2009
7,7,5,Turkish Grand Prix,2009
8,8,9,British Grand Prix,2009
9,9,20,German Grand Prix,2009
10,10,11,Hungarian Grand Prix,2009
11,11,12,European Grand Prix,2009
12,12,13,Belgian Grand Prix,2009
13,13,14,Italian Grand Prix,2009
14,14,15,Singapore Grand Prix,2009
15,15,22,Japanese Grand Prix,2009
16,16,18,Brazilian Grand Prix,2009
17,17,24,Abu Dhabi Grand Prix,2009
90,1,1,Australian Grand Prix,2004
91,2,2,Malaysian Grand Prix,2004
92,3,3,Bahrain Grand Prix,2004
93,4,21,San Marino Grand Prix,2004
94,5,4,Spanish Grand Prix,2004
95,6,6,Monaco Grand Prix,2004
96,7,20,European Grand Prix,2004
97,8,7,Canadian Grand Prix,2004
98,9,19,United States Grand Prix,2004
99,10,8,French Grand Prix,2004
100,11,9,British Grand Prix,2004
101,12,10,German Grand Prix,2004
102,13,11,Hungarian Grand Prix,2004
103,14,13,Belgian Grand Prix,2004
104,15,14,Italian Grand Prix,2004
105,16,17,Chinese Grand Prix,2004
106,17,22,Japanese Grand Prix,2004
107,18,18,Brazilian Grand Prix,2004
543,1,25,Argentine Grand Prix,1977
544,2,18,Brazilian Grand Prix,1977
545,3,30,South African Grand Prix,1977
546,4,43,United States Grand Prix West,1977
547,5,45,Spanish Grand Prix,1977
548,6,6,Monaco Grand Prix,1977
549,7,40,Belgian Grand Prix,1977
550,8,47,Swedish Grand Prix,1977
551,9,41,French Grand Prix,1977
552,10,9,British Grand Prix,1977
553,11,10,German Grand Prix,1977
554,12,23,Austrian Grand Prix,1977
555,13,39,Dutch Grand Prix,1977
556,14,14,Italian Grand Prix,1977
557,15,46,United States Grand Prix,1977
558,16,48,Canadian Grand Prix,1977
559,17,16,Japanese Grand Prix,1977
467,1,30,South African Grand Prix,1982
468,2,36,Brazilian Grand Prix,1982
469,3,43,United States Grand Prix West,1982
470,4,21,San Marino Grand Prix,1982
471,5,40,Belgian Grand Prix,1982
472,6,6,Monaco Grand Prix,1982
473,7,37,Detroit Grand Prix,1982
474,8,7,Canadian Grand Prix,1982
475,9,39,Dutch Grand Prix,1982
476,10,38,British Grand Prix,1982
477,11,34,French Grand Prix,1982
478,12,10,German Grand Prix,1982
479,13,23,Austrian Grand Prix,1982
480,14,41,Swiss Grand Prix,1982
481,15,14,Italian Grand Prix,1982
482,16,44,Caesars Palace Grand Prix,1982
158,1,1,Australian Grand Prix,2000
159,2,18,Brazilian Grand Prix,2000
160,3,21,San Marino Grand Prix,2000
161,4,9,British Grand Prix,2000
162,5,4,Spanish Grand Prix,2000
163,6,20,European Grand Prix,2000
164,7,6,Monaco Grand Prix,2000
165,8,7,Canadian Grand Prix,2000
166,9,8,French Grand Prix,2000
167,10,23,Austrian Grand Prix,2000
168,11,10,German Grand Prix,2000
169,12,11,Hungarian Grand Prix,2000
170,13,13,Belgian Grand Prix,2000
171,14,14,Italian Grand Prix,2000
172,15,19,United States Grand Prix,2000
173,16,22,Japanese Grand Prix,2000
174,17,2,Malaysian Grand Prix,2000
124,1,1,Australian Grand Prix,2002
125,2,2,Malaysian Grand Prix,2002
126,3,18,Brazilian Grand Prix,2002
127,4,21,San Marino Grand Prix,2002
128,5,4,Spanish Grand Prix,2002
129,6,23,Austrian Grand Prix,2002
130,7,6,Monaco Grand Prix,2002
131,8,7,Canadian Grand Prix,2002
132,9,20,European Grand Prix,2002
133,10,9,British Grand Prix,2002
134,11,8,French Grand Prix,2002
135,12,10,German Grand Prix,2002
136,13,11,Hungarian Grand Prix,2002
137,14,13,Belgian Grand Prix,2002
138,15,14,Italian Grand Prix,2002
139,16,19,United States Grand Prix,2002
140,17,22,Japanese Grand Prix,2002
141,1,1,Australian Grand Prix,2001
142,2,2,Malaysian Grand Prix,2001
143,3,18,Brazilian Grand Prix,2001
144,4,21,San Marino Grand Prix,2001
145,5,4,Spanish Grand Prix,2001
146,6,23,Austrian Grand Prix,2001
147,7,6,Monaco Grand Prix,2001
148,8,7,Canadian Grand Prix,2001
149,9,20,European Grand Prix,2001
150,10,8,French Grand Prix,2001
151,11,9,British Grand Prix,2001
152,12,10,German Grand Prix,2001
153,13,11,Hungarian Grand Prix,2001
154,14,13,Belgian Grand Prix,2001
155,15,14,Italian Grand Prix,2001
156,16,19,United States Grand Prix,2001
157,17,22,Japanese Grand Prix,2001
527,1,25,Argentine Grand Prix,1978
528,2,36,Brazilian Grand Prix,1978
529,3,30,South African Grand Prix,1978
530,4,43,United States Grand Prix West,1978
531,5,6,Monaco Grand Prix,1978
532,6,40,Belgian Grand Prix,1978
533,7,45,Spanish Grand Prix,1978
534,8,47,Swedish Grand Prix,1978
535,9,34,French Grand Prix,1978
536,10,38,British Grand Prix,1978
537,11,10,German Grand Prix,1978
538,12,23,Austrian Grand Prix,1978
539,13,39,Dutch Grand Prix,1978
540,14,14,Italian Grand Prix,1978
541,15,46,United States Grand Prix,1978
542,16,7,Canadian Grand Prix,1978
207,1,1,Australian Grand Prix,1997
208,2,18,Brazilian Grand Prix,1997
209,3,25,Argentine Grand Prix,1997
210,4,21,San Marino Grand Prix,1997
211,5,6,Monaco Grand Prix,1997
212,6,4,Spanish Grand Prix,1997
213,7,7,Canadian Grand Prix,1997
214,8,8,French Grand Prix,1997
215,9,9,British Grand Prix,1997
216,10,10,German Grand Prix,1997
217,11,11,Hungarian Grand Prix,1997
218,12,13,Belgian Grand Prix,1997
219,13,14,Italian Grand Prix,1997
220,14,23,Austrian Grand Prix,1997
221,15,20,Luxembourg Grand Prix,1997
222,16,22,Japanese Grand Prix,1997
223,17,26,European Grand Prix,1997
483,1,43,United States Grand Prix West,1981
484,2,36,Brazilian Grand Prix,1981
485,3,25,Argentine Grand Prix,1981
486,4,21,San Marino Grand Prix,1981
487,5,40,Belgian Grand Prix,1981
488,6,6,Monaco Grand Prix,1981
489,7,45,Spanish Grand Prix,1981
490,8,41,French Grand Prix,1981
491,9,9,British Grand Prix,1981
492,10,10,German Grand Prix,1981
493,11,23,Austrian Grand Prix,1981
494,12,39,Dutch Grand Prix,1981
495,13,14,Italian Grand Prix,1981
496,14,7,Canadian Grand Prix,1981
497,15,44,Caesars Palace Grand Prix,1981
560,1,18,Brazilian Grand Prix,1976
561,2,30,South African Grand Prix,1976
562,3,43,United States Grand Prix West,1976
563,4,45,Spanish Grand Prix,1976
564,5,40,Belgian Grand Prix,1976
565,6,6,Monaco Grand Prix,1976
566,7,47,Swedish Grand Prix,1976
567,8,34,French Grand Prix,1976
568,9,38,British Grand Prix,1976
569,10,20,German Grand Prix,1976
570,11,23,Austrian Grand Prix,1976
571,12,39,Dutch Grand Prix,1976
572,13,14,Italian Grand Prix,1976
573,14,48,Canadian Grand Prix,1976
574,15,46,United States Grand Prix,1976
575,16,16,Japanese Grand Prix,1976
452,1,36,Brazilian Grand Prix,1983
453,2,43,United States Grand Prix West,1983
454,3,34,French Grand Prix,1983
455,4,21,San Marino Grand Prix,1983
456,5,6,Monaco Grand Prix,1983
457,6,13,Belgian Grand Prix,1983
458,7,37,Detroit Grand Prix,1983
459,8,7,Canadian Grand Prix,1983
460,9,9,British Grand Prix,1983
461,10,10,German Grand Prix,1983
462,11,23,Austrian Grand Prix,1983
463,12,39,Dutch Grand Prix,1983
464,13,14,Italian Grand Prix,1983
465,14,38,European Grand Prix,1983
466,15,30,South African Grand Prix,1983
436,1,36,Brazilian Grand Prix,1984
437,2,30,South African Grand Prix,1984
438,3,40,Belgian Grand Prix,1984
439,4,21,San Marino Grand Prix,1984
440,5,41,French Grand Prix,1984
441,6,6,Monaco Grand Prix,1984
442,7,7,Canadian Grand Prix,1984
443,8,37,Detroit Grand Prix,1984
444,9,42,Dallas Grand Prix,1984
445,10,38,British Grand Prix,1984
446,11,10,German Grand Prix,1984
447,12,23,Austrian Grand Prix,1984
448,13,39,Dutch Grand Prix,1984
449,14,14,Italian Grand Prix,1984
450,15,20,European Grand Prix,1984
451,16,27,Portuguese Grand Prix,1984
240,1,18,Brazilian Grand Prix,1995
241,2,25,Argentine Grand Prix,1995
242,3,21,San Marino Grand Prix,1995
243,4,4,Spanish Grand Prix,1995
244,5,6,Monaco Grand Prix,1995
245,6,7,Canadian Grand Prix,1995
246,7,8,French Grand Prix,1995
247,8,9,British Grand Prix,1995
248,9,10,German Grand Prix,1995
249,10,11,Hungarian Grand Prix,1995
250,11,13,Belgian Grand Prix,1995
251,12,14,Italian Grand Prix,1995
252,13,27,Portuguese Grand Prix,1995
253,14,20,European Grand Prix,1995
254,15,28,Pacific Grand Prix,1995
255,16,22,Japanese Grand Prix,1995
256,17,29,Australian Grand Prix,1995
108,1,1,Australian Grand Prix,2003
109,2,2,Malaysian Grand Prix,2003
110,3,18,Brazilian Grand Prix,2003
111,4,21,San Marino Grand Prix,2003
112,5,4,Spanish Grand Prix,2003
113,6,23,Austrian Grand Prix,2003
114,7,6,Monaco Grand Prix,2003
115,8,7,Canadian Grand Prix,2003
116,9,20,European Grand Prix,2003
117,10,8,French Grand Prix,2003
118,11,9,British Grand Prix,2003
119,12,10,German Grand Prix,2003
120,13,11,Hungarian Grand Prix,2003
121,14,14,Italian Grand Prix,2003
122,15,19,United States Grand Prix,2003
123,16,22,Japanese Grand Prix,2003
420,1,36,Brazilian Grand Prix,1985
421,2,27,Portuguese Grand Prix,1985
422,3,21,San Marino Grand Prix,1985
423,4,6,Monaco Grand Prix,1985
424,5,7,Canadian Grand Prix,1985
425,6,37,Detroit Grand Prix,1985
426,7,34,French Grand Prix,1985
427,8,9,British Grand Prix,1985
428,9,20,German Grand Prix,1985
429,10,23,Austrian Grand Prix,1985
430,11,39,Dutch Grand Prix,1985
431,12,14,Italian Grand Prix,1985
432,13,13,Belgian Grand Prix,1985
433,14,38,European Grand Prix,1985
434,15,30,South African Grand Prix,1985
435,16,29,Australian Grand Prix,1985
305,1,33,United States Grand Prix,1991
306,2,18,Brazilian Grand Prix,1991
307,3,21,San Marino Grand Prix,1991
308,4,6,Monaco Grand Prix,1991
309,5,7,Canadian Grand Prix,1991
310,6,32,Mexican Grand Prix,1991
311,7,8,French Grand Prix,1991
312,8,9,British Grand Prix,1991
313,9,10,German Grand Prix,1991
314,10,11,Hungarian Grand Prix,1991
315,11,13,Belgian Grand Prix,1991
316,12,14,Italian Grand Prix,1991
317,13,27,Portuguese Grand Prix,1991
318,14,4,Spanish Grand Prix,1991
319,15,22,Japanese Grand Prix,1991
320,16,29,Australian Grand Prix,1991
356,1,36,Brazilian Grand Prix,1989
357,2,21,San Marino Grand Prix,1989
358,3,6,Monaco Grand Prix,1989
359,4,32,Mexican Grand Prix,1989
360,5,33,United States Grand Prix,1989
361,6,7,Canadian Grand Prix,1989
362,7,34,French Grand Prix,1989
363,8,9,British Grand Prix,1989
364,9,10,German Grand Prix,1989
365,10,11,Hungarian Grand Prix,1989
366,11,13,Belgian Grand Prix,1989
367,12,14,Italian Grand Prix,1989
368,13,27,Portuguese Grand Prix,1989
369,14,26,Spanish Grand Prix,1989
370,15,22,Japanese Grand Prix,1989
371,16,29,Australian Grand Prix,1989
321,1,33,United States Grand Prix,1990
322,2,18,Brazilian Grand Prix,1990
323,3,21,San Marino Grand Prix,1990
324,4,6,Monaco Grand Prix,1990
325,5,7,Canadian Grand Prix,1990
326,6,32,Mexican Grand Prix,1990
327,7,34,French Grand Prix,1990
328,8,9,British Grand Prix,1990
329,9,10,German Grand Prix,1990
330,10,11,Hungarian Grand Prix,1990
331,11,13,Belgian Grand Prix,1990
332,12,14,Italian Grand Prix,1990
333,13,27,Portuguese Grand Prix,1990
334,14,26,Spanish Grand Prix,1990
335,15,22,Japanese Grand Prix,1990
336,16,29,Australian Grand Prix,1990
224,1,1,Australian Grand Prix,1996
225,2,18,Brazilian Grand Prix,1996
226,3,25,Argentine Grand Prix,1996
227,4,20,European Grand Prix,1996
228,5,21,San Marino Grand Prix,1996
229,6,6,Monaco Grand Prix,1996
230,7,4,Spanish Grand Prix,1996
231,8,7,Canadian Grand Prix,1996
232,9,8,French Grand Prix,1996
233,10,9,British Grand Prix,1996
234,11,10,German Grand Prix,1996
235,12,11,Hungarian Grand Prix,1996
236,13,13,Belgian Grand Prix,1996
237,14,14,Italian Grand Prix,1996
238,15,27,Portuguese Grand Prix,1996
239,16,22,Japanese Grand Prix,1996
273,1,30,South African Grand Prix,1993
274,2,18,Brazilian Grand Prix,1993
275,3,31,European Grand Prix,1993
276,4,21,San Marino Grand Prix,1993
277,5,4,Spanish Grand Prix,1993
278,6,6,Monaco Grand Prix,1993
279,7,7,Canadian Grand Prix,1993
280,8,8,French Grand Prix,1993
281,9,9,British Grand Prix,1993
282,10,10,German Grand Prix,1993
283,11,11,Hungarian Grand Prix,1993
284,12,13,Belgian Grand Prix,1993
285,13,14,Italian Grand Prix,1993
286,14,27,Portuguese Grand Prix,1993
287,15,22,Japanese Grand Prix,1993
288,16,29,Australian Grand Prix,1993
191,1,1,Australian Grand Prix,1998
192,2,18,Brazilian Grand Prix,1998
193,3,25,Argentine Grand Prix,1998
194,4,21,San Marino Grand Prix,1998
195,5,4,Spanish Grand Prix,1998
196,6,6,Monaco Grand Prix,1998
197,7,7,Canadian Grand Prix,1998
198,8,8,French Grand Prix,1998
199,9,9,British Grand Prix,1998
200,10,23,Austrian Grand Prix,1998
201,11,10,German Grand Prix,1998
202,12,11,Hungarian Grand Prix,1998
203,13,13,Belgian Grand Prix,1998
204,14,14,Italian Grand Prix,1998
205,15,20,Luxembourg Grand Prix,1998
206,16,22,Japanese Grand Prix,1998
590,1,25,Argentine Grand Prix,1974
591,2,18,Brazilian Grand Prix,1974
592,3,30,South African Grand Prix,1974
593,4,45,Spanish Grand Prix,1974
594,5,50,Belgian Grand Prix,1974
595,6,6,Monaco Grand Prix,1974
596,7,47,Swedish Grand Prix,1974
597,8,39,Dutch Grand Prix,1974
598,9,41,French Grand Prix,1974
599,10,38,British Grand Prix,1974
600,11,20,German Grand Prix,1974
601,12,23,Austrian Grand Prix,1974
602,13,14,Italian Grand Prix,1974
603,14,48,Canadian Grand Prix,1974
604,15,46,United States Grand Prix,1974
257,1,18,Brazilian Grand Prix,1994
258,2,28,Pacific Grand Prix,1994
259,3,21,San Marino Grand Prix,1994
260,4,6,Monaco Grand Prix,1994
261,5,4,Spanish Grand Prix,1994
262,6,7,Canadian Grand Prix,1994
263,7,8,French Grand Prix,1994
264,8,9,British Grand Prix,1994
265,9,10,German Grand Prix,1994
266,10,11,Hungarian Grand Prix,1994
267,11,13,Belgian Grand Prix,1994
268,12,14,Italian Grand Prix,1994
269,13,27,Portuguese Grand Prix,1994
270,14,26,European Grand Prix,1994
271,15,22,Japanese Grand Prix,1994
272,16,29,Australian Grand Prix,1994
512,1,25,Argentine Grand Prix,1979
513,2,18,Brazilian Grand Prix,1979
514,3,30,South African Grand Prix,1979
515,4,43,United States Grand Prix West,1979
516,5,45,Spanish Grand Prix,1979
517,6,40,Belgian Grand Prix,1979
518,7,6,Monaco Grand Prix,1979
519,8,41,French Grand Prix,1979
520,9,9,British Grand Prix,1979
521,10,10,German Grand Prix,1979
522,11,23,Austrian Grand Prix,1979
523,12,39,Dutch Grand Prix,1979
524,13,14,Italian Grand Prix,1979
525,14,7,Canadian Grand Prix,1979
526,15,46,United States Grand Prix,1979
289,1,30,South African Grand Prix,1992
290,2,32,Mexican Grand Prix,1992
291,3,18,Brazilian Grand Prix,1992
292,4,4,Spanish Grand Prix,1992
293,5,21,San Marino Grand Prix,1992
294,6,6,Monaco Grand Prix,1992
295,7,7,Canadian Grand Prix,1992
296,8,8,French Grand Prix,1992
297,9,9,British Grand Prix,1992
298,10,10,German Grand Prix,1992
299,11,11,Hungarian Grand Prix,1992
300,12,13,Belgian Grand Prix,1992
301,13,14,Italian Grand Prix,1992
302,14,27,Portuguese Grand Prix,1992
303,15,22,Japanese Grand Prix,1992
304,16,29,Australian Grand Prix,1992
175,1,1,Australian Grand Prix,1999
176,2,18,Brazilian Grand Prix,1999
177,3,21,San Marino Grand Prix,1999
178,4,6,Monaco Grand Prix,1999
179,5,4,Spanish Grand Prix,1999
180,6,7,Canadian Grand Prix,1999
181,7,8,French Grand Prix,1999
182,8,9,British Grand Prix,1999
183,9,23,Austrian Grand Prix,1999
184,10,10,German Grand Prix,1999
185,11,11,Hungarian Grand Prix,1999
186,12,13,Belgian Grand Prix,1999
187,13,14,Italian Grand Prix,1999
188,14,20,European Grand Prix,1999
189,15,2,Malaysian Grand Prix,1999
190,16,22,Japanese Grand Prix,1999
605,1,25,Argentine Grand Prix,1973
606,2,18,Brazilian Grand Prix,1973
607,3,30,South African Grand Prix,1973
608,4,49,Spanish Grand Prix,1973
609,5,40,Belgian Grand Prix,1973
610,6,6,Monaco Grand Prix,1973
611,7,47,Swedish Grand Prix,1973
612,8,34,French Grand Prix,1973
613,9,9,British Grand Prix,1973
614,10,39,Dutch Grand Prix,1973
615,11,20,German Grand Prix,1973
616,12,23,Austrian Grand Prix,1973
617,13,14,Italian Grand Prix,1973
618,14,48,Canadian Grand Prix,1973
619,15,46,United States Grand Prix,1973
404,1,36,Brazilian Grand Prix,1986
405,2,26,Spanish Grand Prix,1986
406,3,21,San Marino Grand Prix,1986
407,4,6,Monaco Grand Prix,1986
408,5,13,Belgian Grand Prix,1986
409,6,7,Canadian Grand Prix,1986
410,7,37,Detroit Grand Prix,1986
411,8,34,French Grand Prix,1986
412,9,38,British Grand Prix,1986
413,10,10,German Grand Prix,1986
414,11,11,Hungarian Grand Prix,1986
415,12,23,Austrian Grand Prix,1986
416,13,14,Italian Grand Prix,1986
417,14,27,Portuguese Grand Prix,1986
418,15,32,Mexican Grand Prix,1986
419,16,29,Australian Grand Prix,1986
372,1,36,Brazilian Grand Prix,1988
373,2,21,San Marino Grand Prix,1988
374,3,6,Monaco Grand Prix,1988
375,4,32,Mexican Grand Prix,1988
376,5,7,Canadian Grand Prix,1988
377,6,37,Detroit Grand Prix,1988
378,7,34,French Grand Prix,1988
379,8,9,British Grand Prix,1988
380,9,10,German Grand Prix,1988
381,10,11,Hungarian Grand Prix,1988
382,11,13,Belgian Grand Prix,1988
383,12,14,Italian Grand Prix,1988
384,13,27,Portuguese Grand Prix,1988
385,14,26,Spanish Grand Prix,1988
386,15,22,Japanese Grand Prix,1988
387,16,29,Australian Grand Prix,1988
388,1,36,Brazilian Grand Prix,1987
389,2,21,San Marino Grand Prix,1987
390,3,13,Belgian Grand Prix,1987
391,4,6,Monaco Grand Prix,1987
392,5,37,Detroit Grand Prix,1987
393,6,34,French Grand Prix,1987
394,7,9,British Grand Prix,1987
395,8,10,German Grand Prix,1987
396,9,11,Hungarian Grand Prix,1987
397,10,23,Austrian Grand Prix,1987
398,11,14,Italian Grand Prix,1987
399,12,27,Portuguese Grand Prix,1987
400,13,26,Spanish Grand Prix,1987
401,14,32,Mexican Grand Prix,1987
402,15,22,Japanese Grand Prix,1987
403,16,29,Australian Grand Prix,1987
498,1,25,Argentine Grand Prix,1980
499,2,18,Brazilian Grand Prix,1980
500,3,30,South African Grand Prix,1980
501,4,43,United States Grand Prix West,1980
502,5,40,Belgian Grand Prix,1980
503,6,6,Monaco Grand Prix,1980
504,7,34,French Grand Prix,1980
505,8,38,British Grand Prix,1980
506,9,10,German Grand Prix,1980
507,10,23,Austrian Grand Prix,1980
508,11,39,Dutch Grand Prix,1980
509,12,21,Italian Grand Prix,1980
510,13,7,Canadian Grand Prix,1980
511,14,46,United States Grand Prix,1980
576,1,25,Argentine Grand Prix,1975
577,2,18,Brazilian Grand Prix,1975
578,3,30,South African Grand Prix,1975
579,4,49,Spanish Grand Prix,1975
580,5,6,Monaco Grand Prix,1975
581,6,40,Belgian Grand Prix,1975
582,7,47,Swedish Grand Prix,1975
583,8,39,Dutch Grand Prix,1975
584,9,34,French Grand Prix,1975
585,10,9,British Grand Prix,1975
586,11,20,German Grand Prix,1975
587,12,23,Austrian Grand Prix,1975
588,13,14,Italian Grand Prix,1975
589,14,46,United States Grand Prix,1975
643,1,30,South African Grand Prix,1970
644,2,45,Spanish Grand Prix,1970
645,3,6,Monaco Grand Prix,1970
646,4,13,Belgian Grand Prix,1970
647,5,39,Dutch Grand Prix,1970
648,6,51,French Grand Prix,1970
649,7,38,British Grand Prix,1970
650,8,10,German Grand Prix,1970
651,9,23,Austrian Grand Prix,1970
652,10,14,Italian Grand Prix,1970
653,11,52,Canadian Grand Prix,1970
654,12,46,United States Grand Prix,1970
655,13,32,Mexican Grand Prix,1970
620,1,25,Argentine Grand Prix,1972
621,2,30,South African Grand Prix,1972
622,3,45,Spanish Grand Prix,1972
623,4,6,Monaco Grand Prix,1972
624,5,50,Belgian Grand Prix,1972
625,6,51,French Grand Prix,1972
626,7,38,British Grand Prix,1972
627,8,20,German Grand Prix,1972
628,9,23,Austrian Grand Prix,1972
629,10,14,Italian Grand Prix,1972
630,11,48,Canadian Grand Prix,1972
631,12,46,United States Grand Prix,1972
667,1,30,South African Grand Prix,1968
668,2,45,Spanish Grand Prix,1968
669,3,6,Monaco Grand Prix,1968
670,4,13,Belgian Grand Prix,1968
671,5,39,Dutch Grand Prix,1968
672,6,53,French Grand Prix,1968
673,7,38,British Grand Prix,1968
674,8,20,German Grand Prix,1968
675,9,14,Italian Grand Prix,1968
676,10,52,Canadian Grand Prix,1968
677,11,46,United States Grand Prix,1968
678,12,32,Mexican Grand Prix,1968
679,1,30,South African Grand Prix,1967
680,2,6,Monaco Grand Prix,1967
681,3,39,Dutch Grand Prix,1967
682,4,13,Belgian Grand Prix,1967
683,5,54,French Grand Prix,1967
684,6,9,British Grand Prix,1967
685,7,20,German Grand Prix,1967
686,8,48,Canadian Grand Prix,1967
687,9,14,Italian Grand Prix,1967
688,10,46,United States Grand Prix,1967
689,11,32,Mexican Grand Prix,1967
765,1,25,Argentine Grand Prix,1958
766,2,6,Monaco Grand Prix,1958
767,3,39,Dutch Grand Prix,1958
768,4,19,Indianapolis 500,1958
769,5,13,Belgian Grand Prix,1958
770,6,55,French Grand Prix,1958
771,7,9,British Grand Prix,1958
772,8,20,German Grand Prix,1958
773,9,59,Portuguese Grand Prix,1958
774,10,14,Italian Grand Prix,1958
775,11,64,Moroccan Grand Prix,1958
632,1,30,South African Grand Prix,1971
633,2,49,Spanish Grand Prix,1971
634,3,6,Monaco Grand Prix,1971
635,4,39,Dutch Grand Prix,1971
636,5,34,French Grand Prix,1971
637,6,9,British Grand Prix,1971
638,7,20,German Grand Prix,1971
639,8,23,Austrian Grand Prix,1971
640,9,14,Italian Grand Prix,1971
641,10,48,Canadian Grand Prix,1971
642,11,46,United States Grand Prix,1971
656,1,30,South African Grand Prix,1969
657,2,49,Spanish Grand Prix,1969
658,3,6,Monaco Grand Prix,1969
659,4,39,Dutch Grand Prix,1969
660,5,51,French Grand Prix,1969
661,6,9,British Grand Prix,1969
662,7,20,German Grand Prix,1969
663,8,14,Italian Grand Prix,1969
664,9,48,Canadian Grand Prix,1969
665,10,46,United States Grand Prix,1969
666,11,32,Mexican Grand Prix,1969
746,1,25,Argentine Grand Prix,1960
747,2,6,Monaco Grand Prix,1960
748,3,19,Indianapolis 500,1960
749,4,39,Dutch Grand Prix,1960
750,5,13,Belgian Grand Prix,1960
751,6,55,French Grand Prix,1960
752,7,9,British Grand Prix,1960
753,8,59,Portuguese Grand Prix,1960
754,9,14,Italian Grand Prix,1960
755,10,60,United States Grand Prix,1960
719,1,6,Monaco Grand Prix,1963
720,2,13,Belgian Grand Prix,1963
721,3,39,Dutch Grand Prix,1963
722,4,55,French Grand Prix,1963
723,5,9,British Grand Prix,1963
724,6,20,German Grand Prix,1963
725,7,14,Italian Grand Prix,1963
726,8,46,United States Grand Prix,1963
727,9,32,Mexican Grand Prix,1963
728,10,56,South African Grand Prix,1963
699,1,56,South African Grand Prix,1965
700,2,6,Monaco Grand Prix,1965
701,3,13,Belgian Grand Prix,1965
702,4,51,French Grand Prix,1965
703,5,9,British Grand Prix,1965
704,6,39,Dutch Grand Prix,1965
705,7,20,German Grand Prix,1965
706,8,14,Italian Grand Prix,1965
707,9,46,United States Grand Prix,1965
708,10,32,Mexican Grand Prix,1965
709,1,6,Monaco Grand Prix,1964
710,2,39,Dutch Grand Prix,1964
711,3,13,Belgian Grand Prix,1964
712,4,53,French Grand Prix,1964
713,5,38,British Grand Prix,1964
714,6,20,German Grand Prix,1964
715,7,57,Austrian Grand Prix,1964
716,8,14,Italian Grand Prix,1964
717,9,46,United States Grand Prix,1964
718,10,32,Mexican Grand Prix,1964
756,1,6,Monaco Grand Prix,1959
757,2,19,Indianapolis 500,1959
758,3,39,Dutch Grand Prix,1959
759,4,55,French Grand Prix,1959
760,5,58,British Grand Prix,1959
761,6,61,German Grand Prix,1959
762,7,62,Portuguese Grand Prix,1959
763,8,14,Italian Grand Prix,1959
764,9,63,United States Grand Prix,1959
729,1,39,Dutch Grand Prix,1962
730,2,6,Monaco Grand Prix,1962
731,3,13,Belgian Grand Prix,1962
732,4,53,French Grand Prix,1962
733,5,58,British Grand Prix,1962
734,6,20,German Grand Prix,1962
735,7,14,Italian Grand Prix,1962
736,8,46,United States Grand Prix,1962
737,9,56,South African Grand Prix,1962
690,1,6,Monaco Grand Prix,1966
691,2,13,Belgian Grand Prix,1966
692,3,55,French Grand Prix,1966
693,4,38,British Grand Prix,1966
694,5,39,Dutch Grand Prix,1966
695,6,20,German Grand Prix,1966
696,7,14,Italian Grand Prix,1966
697,8,46,United States Grand Prix,1966
698,9,32,Mexican Grand Prix,1966
799,1,25,Argentine Grand Prix,1954
800,2,19,Indianapolis 500,1954
801,3,13,Belgian Grand Prix,1954
802,4,55,French Grand Prix,1954
803,5,9,British Grand Prix,1954
804,6,20,German Grand Prix,1954
805,7,66,Swiss Grand Prix,1954
806,8,14,Italian Grand Prix,1954
807,9,67,Spanish Grand Prix,1954
808,1,25,Argentine Grand Prix,1953
809,2,19,Indianapolis 500,1953
810,3,39,Dutch Grand Prix,1953
811,4,13,Belgian Grand Prix,1953
812,5,55,French Grand Prix,1953
813,6,9,British Grand Prix,1953
814,7,20,German Grand Prix,1953
815,8,66,Swiss Grand Prix,1953
816,9,14,Italian Grand Prix,1953
738,1,6,Monaco Grand Prix,1961
739,2,39,Dutch Grand Prix,1961
740,3,13,Belgian Grand Prix,1961
741,4,55,French Grand Prix,1961
742,5,58,British Grand Prix,1961
743,6,20,German Grand Prix,1961
744,7,14,Italian Grand Prix,1961
745,8,46,United States Grand Prix,1961
776,1,25,Argentine Grand Prix,1957
777,2,6,Monaco Grand Prix,1957
778,3,19,Indianapolis 500,1957
779,4,53,French Grand Prix,1957
780,5,58,British Grand Prix,1957
781,6,20,German Grand Prix,1957
782,7,65,Pescara Grand Prix,1957
783,8,14,Italian Grand Prix,1957
784,1,25,Argentine Grand Prix,1956
785,2,6,Monaco Grand Prix,1956
786,3,19,Indianapolis 500,1956
787,4,13,Belgian Grand Prix,1956
788,5,55,French Grand Prix,1956
789,6,9,British Grand Prix,1956
790,7,20,German Grand Prix,1956
791,8,14,Italian Grand Prix,1956
825,1,66,Swiss Grand Prix,1951
826,2,19,Indianapolis 500,1951
827,3,13,Belgian Grand Prix,1951
828,4,55,French Grand Prix,1951
829,5,9,British Grand Prix,1951
830,6,20,German Grand Prix,1951
831,7,14,Italian Grand Prix,1951
832,8,67,Spanish Grand Prix,1951
817,1,66,Swiss Grand Prix,1952
818,2,19,Indianapolis 500,1952
819,3,13,Belgian Grand Prix,1952
820,4,53,French Grand Prix,1952
821,5,9,British Grand Prix,1952
822,6,20,German Grand Prix,1952
823,7,39,Dutch Grand Prix,1952
824,8,14,Italian Grand Prix,1952
792,1,25,Argentine Grand Prix,1955
793,2,6,Monaco Grand Prix,1955
794,3,19,Indianapolis 500,1955
795,4,13,Belgian Grand Prix,1955
796,5,39,Dutch Grand Prix,1955
797,6,58,British Grand Prix,1955
798,7,14,Italian Grand Prix,1955
833,1,9,British Grand Prix,1950
834,2,6,Monaco Grand Prix,1950
835,3,19,Indianapolis 500,1950
836,4,66,Swiss Grand Prix,1950
837,5,13,Belgian Grand Prix,1950
838,6,55,French Grand Prix,1950
839,7,14,Italian Grand Prix,1950
